epoch,train_loss,val_loss,best_val_loss,lr,improved,no_improve,delta_r_mean,delta_r_count,hard_delta_r_mean,hard_delta_r_count,sign_accuracy,sign_count,amplitude_ratio,active_fraction,pattern_score
1,7.159046314423904,6.0792804579250515,6.0792804579250515,3e-05,1,0,0.09207238036525499,862.0,0.09632944131281766,795.0,0.6822202230750768,25281892.0,0.6050552489309465,0.7207401912581617,0.20765171069914584
2,5.80694821360521,5.84402426937595,5.84402426937595,3e-05,1,0,0.11363856172893551,862.0,0.11840431341350828,795.0,0.6914242810625091,25281892.0,0.5159613156816523,0.7207401912581617,0.22360299533000327
3,5.423559490416665,5.724492064677179,5.724492064677179,3e-05,1,0,0.14213451898274315,862.0,0.1478100430571808,795.0,0.7017394900666454,25281892.0,0.5268937455805714,0.7207401912581617,0.25612012246759397
4,4.819349862576928,5.504808037076145,5.504808037076145,3e-05,1,0,0.16295196756443955,862.0,0.16941271509108302,795.0,0.729396241388896,25281892.0,0.5438106527461253,0.7207401912581617,0.284834255492876
5,5.365991430182476,5.526060630567372,5.504808037076145,3e-05,0,1,0.1585925988196082,862.0,0.16515087133870934,795.0,0.7356878591206703,25281892.0,0.46232204861817944,0.7207401912581617,0.2737137653721856
6,5.302655132254586,5.464412221452221,5.464412221452221,3e-05,1,0,0.16542319679014783,862.0,0.17176266291044043,795.0,0.7297048812644243,25281892.0,0.4815371544759401,0.7207401912581617,0.2811650448283102
7,4.66784266702598,5.3973331158049405,5.3973331158049405,3e-05,1,0,0.1730229493831295,862.0,0.18122409416022917,795.0,0.7348777536111617,25281892.0,0.49139938968516833,0.7207401912581617,0.2926747418380738
8,4.929807900101878,5.410340625792742,5.3973331158049405,3e-05,0,1,0.19081637782764269,862.0,0.20157370895334759,795.0,0.7336933881372486,25281892.0,0.5840112757793435,0.7207401912581617,0.32142063715584923
9,5.016473668976687,5.364944268716499,5.364944268716499,3e-05,1,0,0.18206580742554018,862.0,0.19214138216661208,795.0,0.7424499321490654,25281892.0,0.4054119338015669,0.7207401912581617,0.2954887881817015
10,4.930657756107394,5.315753239672631,5.315753239672631,3e-05,1,0,0.1996315195378599,862.0,0.2093748372868172,795.0,0.7411613814345857,25281892.0,0.5813095398817704,0.7207401912581617,0.3304835189176643
11,5.289188142749481,5.189409281825647,5.189409281825647,3e-05,1,0,0.2055277854869717,862.0,0.21477637135851307,795.0,0.7494143238963287,25281892.0,0.5117584980004348,0.7207401912581617,0.3311641136971174
12,5.077468105417211,5.1733315081801265,5.1733315081801265,3e-05,1,0,0.21331452236893284,862.0,0.22298286183262772,795.0,0.7423840747361787,25281892.0,0.5617098432820801,0.7207401912581617,0.34262118400456343
13,4.654772643873002,5.219893430592492,5.1733315081801265,3e-05,0,1,0.2059573883627241,862.0,0.21385619760309374,795.0,0.7495671605590278,25281892.0,0.47111926070498755,0.7207401912581617,0.32613742923611305
14,5.253577956696972,5.104624636704102,5.104624636704102,3e-05,1,0,0.228619043350116,862.0,0.23631226807926436,795.0,0.7531352479474241,25281892.0,0.5726753254086125,0.7207401912581617,0.3590675004096477
15,4.716973862145096,5.223546698922291,5.104624636704102,3e-05,0,1,0.2306799090525736,862.0,0.23665051308911553,795.0,0.7438264905174027,25281892.0,0.5510378030502603,0.7207401912581617,0.3556182179872985
16,4.803019884042442,5.062501838197932,5.062501838197932,3e-05,1,0,0.22748863465409822,862.0,0.23473677047581043,795.0,0.7599643650087581,25281892.0,0.5199432182201377,0.7207401912581617,0.35402786002258924
17,4.827449422824429,5.0537683761212975,5.0537683761212975,3e-05,1,0,0.23289624826762212,862.0,0.24024137219636696,795.0,0.7591779919002898,25281892.0,0.5701332894389425,0.7207401912581617,0.3639827153579668
18,4.6804355916101485,5.039364551426843,5.039364551426843,3e-05,1,0,0.2380081547074141,862.0,0.24397337822794166,795.0,0.7550073784034834,25281892.0,0.5681399946422975,0.7207401912581617,0.36670548284919213
19,4.506925627181772,5.007145521230996,5.007145521230996,3e-05,1,0,0.23077789319380945,862.0,0.23841558693433706,795.0,0.7706778432563512,25281892.0,0.4803278082484712,0.7207401912581617,0.3558868318694862
20,4.7082527411403134,4.986389941070229,4.986389941070229,3e-05,1,0,0.24621526614315548,862.0,0.25348375781714544,795.0,0.7677200345607046,25281892.0,0.5481777733273959,0.7207401912581617,0.37696998269130766
21,5.49741263242322,4.9770501288585365,4.9770501288585365,3e-05,1,0,0.24785290340182053,862.0,0.25476942693802923,795.0,0.7710908265884531,25281892.0,0.5034431573133181,0.7207401912581617,0.3746733688405067
22,4.769448845065199,5.028273802017793,4.9770501288585365,3e-05,0,1,0.24635346606373787,862.0,0.253413543639318,795.0,0.7628427492689234,25281892.0,0.5275866820751376,0.7207401912581617,0.37400998844694283
23,4.914521923928987,4.921412730123848,4.921412730123848,3e-05,1,0,0.25552642555894406,862.0,0.2631401563356133,795.0,0.7722417293768995,25281892.0,0.5060877950728078,0.7207401912581617,0.38353624637617195
24,4.448992285062559,4.89091960969381,4.89091960969381,3e-05,1,0,0.2583955599647664,862.0,0.2658929275360497,795.0,0.7727399120287358,25281892.0,0.524940359205215,0.7207401912581617,0.38821737872392037
25,4.6722413537791,4.879699944052845,4.879699944052845,3e-05,1,0,0.25760613265609383,862.0,0.2652739369691168,795.0,0.7716197426996365,25281892.0,0.5370860325211438,0.7207401912581617,0.38851803612060065
26,5.184057236416265,4.883801884949207,4.879699944052845,3e-05,0,1,0.2674680767827203,862.0,0.2736863614862445,795.0,0.7730205476710367,25281892.0,0.5316499849206611,0.7207401912581617,0.3967019745580356
27,4.623592404677765,4.931243852479383,4.879699944052845,3e-05,0,2,0.261724932531971,862.0,0.26865916947758045,795.0,0.7757757607698031,25281892.0,0.5460545008531026,0.7207401912581617,0.393562497141217
28,4.6294861244095955,4.838443719549105,4.838443719549105,3e-05,1,0,0.2635731790387644,862.0,0.27175878288236055,795.0,0.7777350286916818,25281892.0,0.5294778057981256,0.7207401912581617,0.3955125871099684
29,4.632805886445567,4.802973537705839,4.802973537705839,3e-05,1,0,0.2713292902573217,862.0,0.2797944083903571,795.0,0.780077614444362,25281892.0,0.5032816254069247,0.7207401912581617,0.40147966257432527
30,4.3937946450314485,4.87799281347543,4.802973537705839,3e-05,0,1,0.27362203534925894,862.0,0.28246213247378665,795.0,0.7751089594085759,25281892.0,0.5016323264403022,0.7207401912581617,0.40298953210106675
31,4.683156948100077,4.931437847902998,4.802973537705839,3e-05,0,2,0.2720437370620996,862.0,0.27998635868231453,795.0,0.7676385137631313,25281892.0,0.6681621459133387,0.7207401912581617,0.413352841360077
32,4.423872043873416,4.879726081388071,4.802973537705839,3e-05,0,3,0.2653012870705045,862.0,0.2733312520403532,795.0,0.7763407896845695,25281892.0,0.5312447824500276,0.7207401912581617,0.3969727909741533
33,4.4258777244831435,4.810117905028164,4.802973537705839,3e-05,0,4,0.2734817228087693,862.0,0.28234201632205796,795.0,0.7787991500003243,25281892.0,0.5767836269259177,0.7207401912581617,0.41058744234887
34,4.588948771590367,4.7111806876491755,4.7111806876491755,3e-05,1,0,0.2766792469132873,862.0,0.28568742563420874,795.0,0.7830325356978821,25281892.0,0.5101211266008718,0.7207401912581617,0.4086385788575748
35,4.546337376348674,4.646962711587548,4.646962711587548,3e-05,1,0,0.28455339268653757,862.0,0.2933031895367792,795.0,0.7841249381177643,25281892.0,0.5448371471357456,0.7207401912581617,0.41976476008197033
36,4.265975458256435,4.784019828541204,4.646962711587548,3e-05,0,1,0.2771706104520579,862.0,0.28618773471259473,795.0,0.7735388633097554,25281892.0,0.5885515508961512,0.7207401912581617,0.41439096942387343
37,4.760260901064612,4.782886507222429,4.646962711587548,3e-05,0,2,0.27888908823239,862.0,0.28721359758257115,795.0,0.776268959617421,25281892.0,0.5309905826077383,0.7207401912581617,0.41081683985108197
38,4.665509278362151,4.958328627515584,4.646962711587548,3e-05,0,3,0.2825332663676717,862.0,0.2908808166594625,795.0,0.7622613054434375,25281892.0,0.6278135533122619,0.7207401912581617,0.42005747543692273
39,4.642347453976981,4.721306097693741,4.646962711587548,3e-05,0,4,0.28055038323880904,862.0,0.28818067733971575,795.0,0.7796313661968021,25281892.0,0.5555404476527548,0.7207401912581617,0.4147162576042297
40,4.751423817186151,4.689821518724784,4.646962711587548,3e-05,0,5,0.2830698448870755,862.0,0.2932659203385782,795.0,0.7808601903686638,25281892.0,0.5307030789813421,0.7207401912581617,0.41776032904085947
41,4.4013062825542875,4.824057012796402,4.646962711587548,3e-05,0,6,0.2765263210454839,862.0,0.28449722026129187,795.0,0.7775342130248796,25281892.0,0.5636991401421222,0.7207401912581617,0.41134233240237533
42,4.621031257207505,4.853593073552474,4.646962711587548,3e-05,0,7,0.2785734541610471,862.0,0.2881870324600418,795.0,0.7716034068969205,25281892.0,0.5899196451058797,0.7207401912581617,0.4161192665347502
43,4.5748507646494545,4.906122816959396,4.646962711587548,1.5e-05,0,8,0.2748904353971409,862.0,0.2836951546886432,795.0,0.7650271981226722,25281892.0,0.6108151188859253,0.7207401912581617,0.41205254664580127
44,4.483669234672561,4.730967829702422,4.646962711587548,1.5e-05,0,9,0.2812566341585944,862.0,0.29040975903846183,795.0,0.7762764353237487,25281892.0,0.6001285101587424,0.7207401912581617,0.42013447294810563
45,4.774384799733525,4.776154232211411,4.646962711587548,1.5e-05,0,10,0.27711499189383193,862.0,0.2873705704913199,795.0,0.7796040343816041,25281892.0,0.5040111314254682,0.7207401912581617,0.4090335311179897
46,4.307896496844478,4.649523582542315,4.646962711587548,1.5e-05,0,11,0.28288300634467684,862.0,0.29277456084137443,795.0,0.7779123097274524,25281892.0,0.5444210572751658,0.7207401912581617,0.41795540632849093
47,4.4173123535874765,4.66956474003382,4.646962711587548,1.5e-05,0,12,0.2846116045113921,862.0,0.29469439322656055,795.0,0.7804899253584344,25281892.0,0.5150868421779154,0.7207401912581617,0.4176213899509519
48,4.428649390407372,4.664827409666032,4.646962711587548,1.5e-05,0,13,0.2856544485345932,862.0,0.2951705129172817,795.0,0.7815028242348317,25281892.0,0.54064622307045,0.7207401912581617,0.4207215704882473
49,4.457257604168262,4.673692760057747,4.646962711587548,1.5e-05,0,14,0.28825284770998905,862.0,0.29734979367949677,795.0,0.781126823894351,25281892.0,0.5836282353113533,0.7207401912581617,0.4266506043468617
50,4.351498047471978,4.663717641495168,4.646962711587548,1.5e-05,0,15,0.28463719850903046,862.0,0.29393206175018405,795.0,0.7844622546445496,25281892.0,0.5573943839548912,0.7207401912581617,0.42160040070830335
51,4.321702981338603,4.6400335060898215,4.6400335060898215,1.5e-05,1,0,0.28895675778181534,862.0,0.2987848668353363,795.0,0.785316502419993,25281892.0,0.5080245052855419,0.7207401912581617,0.42198688762853287
52,4.517685035272734,4.711976826423779,4.6400335060898215,1.5e-05,0,1,0.29123646991107,862.0,0.3007591743842236,795.0,0.7837625443538798,25281892.0,0.5645119289234454,0.7207401912581617,0.42892199506619405
53,4.5713147017522715,4.641891787294298,4.6400335060898215,1.5e-05,0,2,0.2902749763010826,862.0,0.3002611316974808,795.0,0.7861560756607932,25281892.0,0.5614770394328575,0.7207401912581617,0.4286331269735536
54,4.333733987470623,4.69161523191724,4.6400335060898215,1.5e-05,0,3,0.2908124957263919,862.0,0.2996315896323642,795.0,0.7803775919935106,25281892.0,0.6422249547566726,0.7207401912581617,0.4335662760385885
55,4.607866282458417,4.621655063703656,4.621655063703656,1.5e-05,1,0,0.292381205796988,862.0,0.30171659171768705,795.0,0.7793985513425973,25281892.0,0.5653826858493955,0.7207401912581617,0.42908367913490664
56,4.542262552888133,4.631093980744481,4.621655063703656,1.5e-05,0,1,0.2934208419735775,862.0,0.3026321402229603,795.0,0.7848706101584486,25281892.0,0.5744392315915455,0.7207401912581617,0.4318882140818544
57,4.4831818791572005,4.625394749455154,4.621655063703656,1.5e-05,0,2,0.29492940197929984,862.0,0.3044509770454101,795.0,0.7811094992415916,25281892.0,0.624181390500124,0.7207401912581617,0.43710716374618896
58,4.312035782320891,4.653141401242465,4.621655063703656,1.5e-05,0,3,0.2932220790448778,862.0,0.3018564449213211,795.0,0.7802120189422532,25281892.0,0.5798814123855113,0.7207401912581617,0.43065226582221944
59,4.165493456763215,4.675275989808142,4.621655063703656,1.5e-05,0,4,0.28882603540048524,862.0,0.29806719755039274,795.0,0.7831455414808354,25281892.0,0.5843004809731397,0.7207401912581617,0.42782931053351997
60,4.6649858360760845,4.665146712446585,4.621655063703656,1.5e-05,0,5,0.2954354173614019,862.0,0.305241798197136,795.0,0.7840965383445194,25281892.0,0.6084216230153484,0.7207401912581617,0.43721674694400614
61,4.755504737928277,4.664685464929789,4.621655063703656,1.5e-05,0,6,0.2928893524945958,862.0,0.3016383425760194,795.0,0.7882526355226895,25281892.0,0.5284574264163484,0.7207401912581617,0.4273992180595467
62,4.627088488196023,4.66607024287805,4.621655063703656,1.5e-05,0,7,0.2934802402450494,862.0,0.3018293325303111,795.0,0.7873765934922908,25281892.0,0.5797275541968246,0.7207401912581617,0.4320448002315332
63,3.901356937014498,4.575940766604617,4.575940766604617,1.5e-05,1,0,0.3008175351918435,862.0,0.30984133377015216,795.0,0.7875035618378561,25281892.0,0.5340461565004424,0.7207401912581617,0.4359783957195645
64,4.240664502227446,4.664960774127394,4.575940766604617,1.5e-05,0,1,0.2954290718047635,862.0,0.30423317716556525,795.0,0.7827416555691322,25281892.0,0.6002650215288325,0.7207401912581617,0.4352623073424021
65,4.478599318041233,4.746598604833707,4.575940766604617,1.5e-05,0,2,0.2932615205645561,862.0,0.3014133317946638,795.0,0.7817897094094065,25281892.0,0.615324892812428,0.7207401912581617,0.43349103019299107
66,4.005864917562576,4.621803159825504,4.575940766604617,1.5e-05,0,3,0.2912512227564428,862.0,0.3011530091084024,795.0,0.7874892828432303,25281892.0,0.5479412185343678,0.7207401912581617,0.4285715025152632
67,4.254028587020002,4.5581680135801435,4.5581680135801435,1.5e-05,1,0,0.2943244960694952,862.0,0.3051929497540747,795.0,0.7891267394070033,25281892.0,0.5152035043023855,0.7207401912581617,0.4298586325161773
68,4.6408047990407795,4.583610772155225,4.5581680135801435,1.5e-05,0,1,0.28709256073369227,862.0,0.2981507679201522,795.0,0.7924693294315156,25281892.0,0.5028368899136297,0.7207401912581617,0.42227016200663847
69,4.2742142581846565,4.554108327254653,4.554108327254653,1.5e-05,1,0,0.30288455296489314,862.0,0.31248212867188,795.0,0.7865443377418114,25281892.0,0.6141592813893426,0.7207401912581617,0.44541594779354543
70,4.198680617613718,4.544856602093205,4.544856602093205,1.5e-05,1,0,0.2967475248185222,862.0,0.30613136523924533,795.0,0.7892946856983647,25281892.0,0.5632270420372071,0.7207401912581617,0.43528667936341076
71,4.671011077647563,4.499377752537839,4.499377752537839,1.5e-05,1,0,0.3009610333698186,862.0,0.31094042487770507,795.0,0.7924765282598312,25281892.0,0.533842521726117,0.7207401912581617,0.43805301119721957
72,4.213646445219638,4.597755095572211,4.499377752537839,1.5e-05,0,1,0.29617700247815754,862.0,0.30492319017648695,795.0,0.7867755308819451,25281892.0,0.6100053608832392,0.7207401912581617,0.4375639196768651
73,4.384766986768227,4.555743379285559,4.499377752537839,1.5e-05,0,2,0.2942499740788251,862.0,0.30348503418126194,795.0,0.7908081404667024,25281892.0,0.5086288732884932,0.7207401912581617,0.42784482940086527
74,4.474091571464669,4.609443229972385,4.499377752537839,1.5e-05,0,3,0.2973007628620708,862.0,0.3068974533499037,795.0,0.7858101759156316,25281892.0,0.6180195630011591,0.7207401912581617,0.4399977301988408
75,4.24431268076296,4.555578461149707,4.499377752537839,1.5e-05,0,4,0.2946740485070891,862.0,0.3057317928416924,795.0,0.7919629986553222,25281892.0,0.5173826011593546,0.7207401912581617,0.43117576071066743
76,4.427218992233975,4.507612682878971,4.499377752537839,1.5e-05,0,5,0.301285087033726,862.0,0.31251868812730477,795.0,0.7890776133368499,25281892.0,0.6130128298170882,0.7207401912581617,0.44586574010916713
77,3.9986759632301982,4.518623560899869,4.499377752537839,1.5e-05,0,6,0.30365963877889646,862.0,0.31457027827137674,795.0,0.7906963608578029,25281892.0,0.52234583035146,0.7207401912581617,0.4402382804324026
78,3.9242116660170723,4.587677164701745,4.499377752537839,1.5e-05,0,7,0.3031238876153518,862.0,0.31429819781918944,795.0,0.7842076059813878,25281892.0,0.6251190372520146,0.7207401912581617,0.447649059626585
79,4.562721272057388,4.663377043092623,4.499377752537839,7.5e-06,0,8,0.29919196993518804,862.0,0.3100947606769748,795.0,0.7854658187765378,25281892.0,0.5616243067445998,0.7207401912581617,0.4383418171339445
80,4.315208318876103,4.533974781632423,4.499377752537839,7.5e-06,0,9,0.304770418384443,862.0,0.3152917799803446,795.0,0.7885313725729072,25281892.0,0.5347097590738549,0.7207401912581617,0.4416964952099269
81,4.452620255528018,4.514330014470033,4.499377752537839,7.5e-06,0,10,0.3042869998613187,862.0,0.31508035931103634,795.0,0.78859600381174,25281892.0,0.586652413667493,0.7207401912581617,0.4461334213334779
82,4.191559356346261,4.607324387063272,4.499377752537839,7.5e-06,0,11,0.30415453638648077,862.0,0.3146543084895648,795.0,0.7835877947742202,25281892.0,0.6026061003003486,0.7207401912581617,0.4460472909925309
83,4.207856148132123,4.5613504111533985,4.499377752537839,7.5e-06,0,12,0.3053834617889882,862.0,0.31586826124562406,795.0,0.785501892026119,25281892.0,0.5788839478780388,0.7207401912581617,0.4456359768037073
84,4.235781739494996,4.529774472583085,4.499377752537839,7.5e-06,0,13,0.3077574583881139,862.0,0.31751184566590773,795.0,0.7850529145524393,25281892.0,0.6088073739042968,0.7207401912581617,0.44970976056074335
85,4.272310002299491,4.488162909401581,4.488162909401581,7.5e-06,1,0,0.30597498200902945,862.0,0.31678693070070546,795.0,0.7897649827789788,25281892.0,0.5536817465055293,0.7207401912581617,0.44518166615177945
86,4.569180155405775,4.485959040932357,4.485959040932357,7.5e-06,1,0,0.3068793620093101,862.0,0.3173774495345991,795.0,0.7875873372135281,25281892.0,0.5833704112715622,0.7207401912581617,0.447948269948662
87,3.7285973041143734,4.513225354487076,4.485959040932357,7.5e-06,0,1,0.30590308052239173,862.0,0.3168085510297766,795.0,0.7873103800933886,25281892.0,0.5621219766942088,0.7207401912581617,0.445468806435597
88,4.2006850495235994,4.528871977352537,4.485959040932357,7.5e-06,0,2,0.3070589802411586,862.0,0.3171932135925353,795.0,0.7887478911783976,25281892.0,0.5989598967912856,0.7207401912581617,0.44931476015956867
89,4.328392034978606,4.514531536726281,4.485959040932357,7.5e-06,0,3,0.30578898637190355,862.0,0.31607156329840985,795.0,0.7898808364500568,25281892.0,0.5552513659553572,0.7207401912581617,0.44463101278152406
90,4.022499658167362,4.529613353544846,4.485959040932357,7.5e-06,0,4,0.30398702348761797,862.0,0.3146764303012839,795.0,0.7877536222368168,25281892.0,0.5333920522245066,0.7207401912581617,0.4408022263705595
91,4.436143987637479,4.502597362385131,4.485959040932357,7.5e-06,0,5,0.30322195180711226,862.0,0.31407051589691415,795.0,0.7895354509069179,25281892.0,0.5766107210427038,0.7207401912581617,0.4444482110584169
92,4.503664273303002,4.507853496586904,4.485959040932357,7.5e-06,0,6,0.30554882487122254,862.0,0.3161132700038406,795.0,0.7870714343689151,25281892.0,0.6331184014090253,0.7207401912581617,0.4506726655631371
93,4.214141686738003,4.4854290906805545,4.4854290906805545,7.5e-06,1,0,0.3037498677992143,862.0,0.3144431294088469,795.0,0.7909493482528919,25281892.0,0.5551223476220726,0.7207401912581617,0.44320466189120067
94,4.244277193618473,4.506207904196344,4.4854290906805545,7.5e-06,0,1,0.30701058943542003,862.0,0.31701070579624024,795.0,0.7915907954990078,25281892.0,0.561902557890819,0.7207401912581617,0.44650752346318223
95,4.439362845674623,4.512909542536363,4.4854290906805545,7.5e-06,0,2,0.3047630708716516,862.0,0.315177261698171,795.0,0.7918293852374656,25281892.0,0.5361545817481392,0.7207401912581617,0.4423765007103427
96,4.271616620302666,4.490217712242156,4.4854290906805545,7.5e-06,0,3,0.3056482740801061,862.0,0.3166977368248334,795.0,0.7898872046443359,25281892.0,0.5785485170003709,0.7207401912581617,0.44731353430533816
97,4.262815776193747,4.51377755170688,4.4854290906805545,7.5e-06,0,4,0.30806117157804025,862.0,0.3181600312813648,795.0,0.7862672619596667,25281892.0,0.6119585163078839,0.7207401912581617,0.4508589445444039
98,4.446843891433673,4.532116228947416,4.4854290906805545,7.5e-06,0,5,0.3071622097488761,862.0,0.3166412216593634,795.0,0.7877121696429998,25281892.0,0.6320512312747486,0.7207401912581617,0.451244414289111
99,4.281222468678607,4.530740608694032,4.4854290906805545,7.5e-06,0,6,0.3069831038870592,862.0,0.3170741849139614,795.0,0.7884347421466716,25281892.0,0.6039786398272503,0.7207401912581617,0.4495503110334417
100,4.358381932252087,4.550428555114195,4.4854290906805545,7.5e-06,0,7,0.3043641094161574,862.0,0.3139792151233685,795.0,0.7901867866534672,25281892.0,0.5567297109180149,0.7207401912581617,0.4427328016787637
101,4.187735423271079,4.486944726551883,4.4854290906805545,3.75e-06,0,8,0.31017807500951183,862.0,0.31951894525602553,795.0,0.7892286305154693,25281892.0,0.6111818034106783,0.7207401912581617,0.4527466306851379
102,4.158299753558822,4.488862942438573,4.4854290906805545,3.75e-06,0,9,0.30818940763925734,862.0,0.3179823527546049,795.0,0.7919171555673128,25281892.0,0.5867506986151162,0.7207401912581617,0.44970802118808656
103,4.437560507649323,4.5005868539446965,4.4854290906805545,3.75e-06,0,10,0.30924060388431474,862.0,0.31899067050068636,795.0,0.7906439913595075,25281892.0,0.600814511493851,0.7207401912581617,0.4516460175123056
104,4.2146863783709705,4.4807623020606115,4.4807623020606115,3.75e-06,1,0,0.30870090023098024,862.0,0.31895999557004784,795.0,0.7913761754856006,25281892.0,0.5746987925328124,0.7207401912581617,0.4495397699416791
105,4.047528227500152,4.460635147290304,4.460635147290304,3.75e-06,1,0,0.30818373885809547,862.0,0.3183856761071292,795.0,0.7920863675867297,25281892.0,0.5758623511221459,0.7207401912581617,0.4492086185949103
106,4.276479815598577,4.47063403215725,4.460635147290304,3.75e-06,0,1,0.30883360089703943,862.0,0.3187697904383611,795.0,0.7906895971235064,25281892.0,0.5898126626512568,0.7207401912581617,0.45051019419141797
107,3.907427751517389,4.489799078903161,4.460635147290304,3.75e-06,0,2,0.30750138964720086,862.0,0.31744703892735565,795.0,0.7898171149532638,25281892.0,0.5808867746467103,0.7207401912581617,0.44825049085561
108,3.8873968501284253,4.4554018140770495,4.4554018140770495,3.75e-06,1,0,0.3094447925643619,862.0,0.31934330935279526,795.0,0.7921680861543116,25281892.0,0.5707487872609406,0.7207401912581617,0.4497366206641044
109,4.412738991115475,4.455287597840652,4.455287597840652,3.75e-06,1,0,0.3070079094261415,862.0,0.31695351062705684,795.0,0.7918250342972749,25281892.0,0.5883284491895246,0.7207401912581617,0.44879502248760317
110,4.635631731012836,4.460758185130544,4.455287597840652,3.75e-06,0,1,0.30774608961027766,862.0,0.3178846096420813,795.0,0.7896855583434974,25281892.0,0.596731550109912,0.7207401912581617,0.4500073247344513
